{
  "0": 0.18602225184440613,
  "1": 0.20854298770427704,
  "2": 0.2067393958568573,
  "3": 0.14337672293186188,
  "4": 0.14970211684703827,
  "5": 0.14000996947288513,
  "6": 0.1860395222902298,
  "7": 0.1809680312871933,
  "8": 0.16366469860076904,
  "9": 0.16774967312812805,
  "10": 0.21947652101516724,
  "11": 0.1922071874141693,
  "12": 0.1839054971933365,
  "13": 0.20571282505989075,
  "14": 0.22052374482154846,
  "15": 0.24562709033489227,
  "16": 0.2631760537624359,
  "17": 0.30069032311439514,
  "18": 0.35507309436798096,
  "19": 0.3617071509361267,
  "20": 0.3404480814933777,
  "21": 0.36748215556144714,
  "22": 0.33722010254859924,
  "23": 0.3359767198562622,
  "24": 0.2849673330783844,
  "25": 0.41117042303085327
}