{
  "0": {
    "mean_diff_vs_logreg": 0.36834874749183655,
    "mean_diff_vs_pca": 0.0916401594877243,
    "logreg_vs_pca": 0.010523900389671326
  },
  "1": {
    "mean_diff_vs_logreg": 0.40021029114723206,
    "mean_diff_vs_pca": 0.2520977854728699,
    "logreg_vs_pca": -0.0059698461554944515
  },
  "2": {
    "mean_diff_vs_logreg": 0.3484755754470825,
    "mean_diff_vs_pca": 0.45264115929603577,
    "logreg_vs_pca": -0.0002986947656609118
  },
  "3": {
    "mean_diff_vs_logreg": 0.22460727393627167,
    "mean_diff_vs_pca": 0.7749091982841492,
    "logreg_vs_pca": -0.00010099154314957559
  },
  "4": {
    "mean_diff_vs_logreg": 0.2043878734111786,
    "mean_diff_vs_pca": 0.8440300822257996,
    "logreg_vs_pca": 0.025280727073550224
  },
  "5": {
    "mean_diff_vs_logreg": 0.1467091292142868,
    "mean_diff_vs_pca": 0.9243388175964355,
    "logreg_vs_pca": 0.036545321345329285
  },
  "6": {
    "mean_diff_vs_logreg": 0.14085300266742706,
    "mean_diff_vs_pca": 0.9818301200866699,
    "logreg_vs_pca": 0.04967554658651352
  },
  "7": {
    "mean_diff_vs_logreg": 0.13151629269123077,
    "mean_diff_vs_pca": 0.9913363456726074,
    "logreg_vs_pca": 0.06425510346889496
  },
  "8": {
    "mean_diff_vs_logreg": 0.12418808788061142,
    "mean_diff_vs_pca": 0.9878544807434082,
    "logreg_vs_pca": 0.06931423395872116
  },
  "9": {
    "mean_diff_vs_logreg": 0.12398798763751984,
    "mean_diff_vs_pca": 0.9907104969024658,
    "logreg_vs_pca": 0.07702822238206863
  },
  "10": {
    "mean_diff_vs_logreg": 0.13093358278274536,
    "mean_diff_vs_pca": 0.9922089576721191,
    "logreg_vs_pca": 0.08033661544322968
  },
  "11": {
    "mean_diff_vs_logreg": 0.12268247455358505,
    "mean_diff_vs_pca": 0.9915299415588379,
    "logreg_vs_pca": 0.0699443519115448
  },
  "12": {
    "mean_diff_vs_logreg": 0.12680935859680176,
    "mean_diff_vs_pca": 0.9907577037811279,
    "logreg_vs_pca": 0.07349590212106705
  },
  "13": {
    "mean_diff_vs_logreg": 0.13581004738807678,
    "mean_diff_vs_pca": 0.987639844417572,
    "logreg_vs_pca": 0.07436960190534592
  },
  "14": {
    "mean_diff_vs_logreg": 0.1744227409362793,
    "mean_diff_vs_pca": 0.9864104986190796,
    "logreg_vs_pca": 0.11233353614807129
  },
  "15": {
    "mean_diff_vs_logreg": 0.1847344934940338,
    "mean_diff_vs_pca": 0.9711455702781677,
    "logreg_vs_pca": 0.09019166231155396
  },
  "16": {
    "mean_diff_vs_logreg": 0.20868971943855286,
    "mean_diff_vs_pca": 0.9332084655761719,
    "logreg_vs_pca": 0.06325459480285645
  },
  "17": {
    "mean_diff_vs_logreg": 0.25931236147880554,
    "mean_diff_vs_pca": 0.8891275525093079,
    "logreg_vs_pca": 0.06905703246593475
  },
  "18": {
    "mean_diff_vs_logreg": 0.27888262271881104,
    "mean_diff_vs_pca": 0.8362852931022644,
    "logreg_vs_pca": 0.07445916533470154
  },
  "19": {
    "mean_diff_vs_logreg": 0.31765541434288025,
    "mean_diff_vs_pca": 0.7589595913887024,
    "logreg_vs_pca": 0.06458387523889542
  },
  "20": {
    "mean_diff_vs_logreg": 0.3046364188194275,
    "mean_diff_vs_pca": 0.7484233975410461,
    "logreg_vs_pca": 0.04320085421204567
  },
  "21": {
    "mean_diff_vs_logreg": 0.3578305244445801,
    "mean_diff_vs_pca": 0.5726195573806763,
    "logreg_vs_pca": 0.041222088038921356
  },
  "22": {
    "mean_diff_vs_logreg": 0.35606706142425537,
    "mean_diff_vs_pca": 0.5100862383842468,
    "logreg_vs_pca": 0.0064262389205396175
  },
  "23": {
    "mean_diff_vs_logreg": 0.3775302469730377,
    "mean_diff_vs_pca": 0.4167744815349579,
    "logreg_vs_pca": 0.006099531427025795
  },
  "24": {
    "mean_diff_vs_logreg": 0.34480929374694824,
    "mean_diff_vs_pca": 0.48184770345687866,
    "logreg_vs_pca": 0.005345972254872322
  },
  "25": {
    "mean_diff_vs_logreg": 0.34552228450775146,
    "mean_diff_vs_pca": 0.16447928547859192,
    "logreg_vs_pca": -0.011394219473004341
  }
}