{
  "0": 0.27111002802848816,
  "1": 0.2629988491535187,
  "2": 0.223520427942276,
  "3": 0.14461806416511536,
  "4": 0.15066413581371307,
  "5": 0.1254253089427948,
  "6": 0.13202615082263947,
  "7": 0.12090683728456497,
  "8": 0.10515140742063522,
  "9": 0.10926453024148941,
  "10": 0.1157946065068245,
  "11": 0.10832196474075317,
  "12": 0.1113254502415657,
  "13": 0.1168799176812172,
  "14": 0.15487052500247955,
  "15": 0.1712855100631714,
  "16": 0.1858671009540558,
  "17": 0.22290107607841492,
  "18": 0.23481769859790802,
  "19": 0.2486582249403,
  "20": 0.24126294255256653,
  "21": 0.2960406541824341,
  "22": 0.29646632075309753,
  "23": 0.32175445556640625,
  "24": 0.28995800018310547,
  "25": 0.33473464846611023
}