{
  "0": {
    "mean_diff_vs_logreg": 0.18837980926036835,
    "mean_diff_vs_pca": 0.8695371150970459,
    "logreg_vs_pca": -0.012736083939671516
  },
  "1": {
    "mean_diff_vs_logreg": 0.20391705632209778,
    "mean_diff_vs_pca": 0.8798735737800598,
    "logreg_vs_pca": -0.00722448481246829
  },
  "2": {
    "mean_diff_vs_logreg": 0.198301762342453,
    "mean_diff_vs_pca": 0.890680730342865,
    "logreg_vs_pca": 0.0024388295132666826
  },
  "3": {
    "mean_diff_vs_logreg": 0.12355223298072815,
    "mean_diff_vs_pca": 0.9566623568534851,
    "logreg_vs_pca": -0.0032209157943725586
  },
  "4": {
    "mean_diff_vs_logreg": 0.10880077630281448,
    "mean_diff_vs_pca": 0.9734945297241211,
    "logreg_vs_pca": -0.0034719540271908045
  },
  "5": {
    "mean_diff_vs_logreg": 0.09819529950618744,
    "mean_diff_vs_pca": 0.9735997319221497,
    "logreg_vs_pca": -0.012706258334219456
  },
  "6": {
    "mean_diff_vs_logreg": 0.12776976823806763,
    "mean_diff_vs_pca": 0.9183065295219421,
    "logreg_vs_pca": -0.00403187982738018
  },
  "7": {
    "mean_diff_vs_logreg": 0.11613889038562775,
    "mean_diff_vs_pca": 0.9532703757286072,
    "logreg_vs_pca": 0.020001240074634552
  },
  "8": {
    "mean_diff_vs_logreg": 0.10730241239070892,
    "mean_diff_vs_pca": 0.9869804382324219,
    "logreg_vs_pca": 0.04263840243220329
  },
  "9": {
    "mean_diff_vs_logreg": 0.10244317352771759,
    "mean_diff_vs_pca": 0.9913577437400818,
    "logreg_vs_pca": 0.04303836077451706
  },
  "10": {
    "mean_diff_vs_logreg": 0.12598387897014618,
    "mean_diff_vs_pca": 0.9776160717010498,
    "logreg_vs_pca": 0.04760425165295601
  },
  "11": {
    "mean_diff_vs_logreg": 0.11294741928577423,
    "mean_diff_vs_pca": 0.9802934527397156,
    "logreg_vs_pca": 0.032881107181310654
  },
  "12": {
    "mean_diff_vs_logreg": 0.1085457056760788,
    "mean_diff_vs_pca": 0.9826046228408813,
    "logreg_vs_pca": 0.024071257561445236
  },
  "13": {
    "mean_diff_vs_logreg": 0.11758006364107132,
    "mean_diff_vs_pca": 0.9792550206184387,
    "logreg_vs_pca": 0.016928549855947495
  },
  "14": {
    "mean_diff_vs_logreg": 0.14904622733592987,
    "mean_diff_vs_pca": 0.9679927825927734,
    "logreg_vs_pca": 0.04001130163669586
  },
  "15": {
    "mean_diff_vs_logreg": 0.19283358752727509,
    "mean_diff_vs_pca": 0.9431557059288025,
    "logreg_vs_pca": 0.034901611506938934
  },
  "16": {
    "mean_diff_vs_logreg": 0.21810196340084076,
    "mean_diff_vs_pca": 0.9260351657867432,
    "logreg_vs_pca": 0.026932036504149437
  },
  "17": {
    "mean_diff_vs_logreg": 0.25414878129959106,
    "mean_diff_vs_pca": 0.903853714466095,
    "logreg_vs_pca": 0.03361455351114273
  },
  "18": {
    "mean_diff_vs_logreg": 0.29257357120513916,
    "mean_diff_vs_pca": 0.8654488325119019,
    "logreg_vs_pca": 0.006879020482301712
  },
  "19": {
    "mean_diff_vs_logreg": 0.2907986044883728,
    "mean_diff_vs_pca": 0.868983268737793,
    "logreg_vs_pca": 0.021618828177452087
  },
  "20": {
    "mean_diff_vs_logreg": 0.28678879141807556,
    "mean_diff_vs_pca": 0.8800625205039978,
    "logreg_vs_pca": 0.023597477003932
  },
  "21": {
    "mean_diff_vs_logreg": 0.3094888925552368,
    "mean_diff_vs_pca": 0.8684885501861572,
    "logreg_vs_pca": 0.04330785572528839
  },
  "22": {
    "mean_diff_vs_logreg": 0.3027728796005249,
    "mean_diff_vs_pca": 0.8530734181404114,
    "logreg_vs_pca": 0.02484976314008236
  },
  "23": {
    "mean_diff_vs_logreg": 0.313311904668808,
    "mean_diff_vs_pca": 0.8321513533592224,
    "logreg_vs_pca": 0.005010529421269894
  },
  "24": {
    "mean_diff_vs_logreg": 0.2813977003097534,
    "mean_diff_vs_pca": 0.8490875363349915,
    "logreg_vs_pca": 0.020662298426032066
  },
  "25": {
    "mean_diff_vs_logreg": 0.41507816314697266,
    "mean_diff_vs_pca": 0.518456220626831,
    "logreg_vs_pca": -0.005006494931876659
  }
}