{
  "0": {
    "mean_diff_vs_logreg": 0.3088759481906891,
    "mean_diff_vs_pca": 0.5525120496749878,
    "logreg_vs_pca": 0.017482522875070572
  },
  "1": {
    "mean_diff_vs_logreg": 0.39820021390914917,
    "mean_diff_vs_pca": 0.3518582582473755,
    "logreg_vs_pca": 0.014332561753690243
  },
  "2": {
    "mean_diff_vs_logreg": 0.4169212281703949,
    "mean_diff_vs_pca": 0.021792614832520485,
    "logreg_vs_pca": 0.0011618309654295444
  },
  "3": {
    "mean_diff_vs_logreg": 0.30825215578079224,
    "mean_diff_vs_pca": 0.554269552230835,
    "logreg_vs_pca": -0.0017276984872296453
  },
  "4": {
    "mean_diff_vs_logreg": 0.2180352360010147,
    "mean_diff_vs_pca": 0.7530935406684875,
    "logreg_vs_pca": -0.007181333377957344
  },
  "5": {
    "mean_diff_vs_logreg": 0.15313635766506195,
    "mean_diff_vs_pca": 0.8984613418579102,
    "logreg_vs_pca": 0.008909362368285656
  },
  "6": {
    "mean_diff_vs_logreg": 0.13481929898262024,
    "mean_diff_vs_pca": 0.9728180170059204,
    "logreg_vs_pca": 0.02147226594388485
  },
  "7": {
    "mean_diff_vs_logreg": 0.10790436714887619,
    "mean_diff_vs_pca": 0.988476037979126,
    "logreg_vs_pca": 0.028649980202317238
  },
  "8": {
    "mean_diff_vs_logreg": 0.1135987639427185,
    "mean_diff_vs_pca": 0.9836578965187073,
    "logreg_vs_pca": 0.04665564373135567
  },
  "9": {
    "mean_diff_vs_logreg": 0.10884541273117065,
    "mean_diff_vs_pca": 0.9861969351768494,
    "logreg_vs_pca": 0.04692857339978218
  },
  "10": {
    "mean_diff_vs_logreg": 0.10653778910636902,
    "mean_diff_vs_pca": 0.9874376654624939,
    "logreg_vs_pca": 0.04210622236132622
  },
  "11": {
    "mean_diff_vs_logreg": 0.10296229273080826,
    "mean_diff_vs_pca": 0.9857090711593628,
    "logreg_vs_pca": 0.03438488394021988
  },
  "12": {
    "mean_diff_vs_logreg": 0.10590377449989319,
    "mean_diff_vs_pca": 0.9844049215316772,
    "logreg_vs_pca": 0.03791503608226776
  },
  "13": {
    "mean_diff_vs_logreg": 0.1223946064710617,
    "mean_diff_vs_pca": 0.9802618622779846,
    "logreg_vs_pca": 0.04638016223907471
  },
  "14": {
    "mean_diff_vs_logreg": 0.1306454837322235,
    "mean_diff_vs_pca": 0.9762549996376038,
    "logreg_vs_pca": 0.048173751682043076
  },
  "15": {
    "mean_diff_vs_logreg": 0.16973957419395447,
    "mean_diff_vs_pca": 0.9484056234359741,
    "logreg_vs_pca": 0.04365115985274315
  },
  "16": {
    "mean_diff_vs_logreg": 0.21097511053085327,
    "mean_diff_vs_pca": 0.9065167903900146,
    "logreg_vs_pca": 0.04724293202161789
  },
  "17": {
    "mean_diff_vs_logreg": 0.255715012550354,
    "mean_diff_vs_pca": 0.8484993577003479,
    "logreg_vs_pca": 0.03387587144970894
  },
  "18": {
    "mean_diff_vs_logreg": 0.27916616201400757,
    "mean_diff_vs_pca": 0.7842431664466858,
    "logreg_vs_pca": 0.02507634460926056
  },
  "19": {
    "mean_diff_vs_logreg": 0.3607276678085327,
    "mean_diff_vs_pca": 0.6459516882896423,
    "logreg_vs_pca": 0.04182983562350273
  },
  "20": {
    "mean_diff_vs_logreg": 0.3928814232349396,
    "mean_diff_vs_pca": 0.5498856902122498,
    "logreg_vs_pca": 0.018416548147797585
  },
  "21": {
    "mean_diff_vs_logreg": 0.3883132040500641,
    "mean_diff_vs_pca": 0.24693982303142548,
    "logreg_vs_pca": 0.004908930044621229
  },
  "22": {
    "mean_diff_vs_logreg": 0.39692917466163635,
    "mean_diff_vs_pca": 0.0796607956290245,
    "logreg_vs_pca": -0.015513746067881584
  },
  "23": {
    "mean_diff_vs_logreg": 0.39515289664268494,
    "mean_diff_vs_pca": 0.06687158346176147,
    "logreg_vs_pca": 0.03040309064090252
  },
  "24": {
    "mean_diff_vs_logreg": 0.39093610644340515,
    "mean_diff_vs_pca": 0.06670378893613815,
    "logreg_vs_pca": -0.016084149479866028
  },
  "25": {
    "mean_diff_vs_logreg": 0.388912558555603,
    "mean_diff_vs_pca": 0.017655355855822563,
    "logreg_vs_pca": 0.010782333090901375
  }
}