{
  "0": 0.3746807277202606,
  "1": 0.4061483144760132,
  "2": 0.3705059885978699,
  "3": 0.24119800329208374,
  "4": 0.17365559935569763,
  "5": 0.1335994154214859,
  "6": 0.1261681169271469,
  "7": 0.1071387305855751,
  "8": 0.10269312560558319,
  "9": 0.09630264341831207,
  "10": 0.08923052251338959,
  "11": 0.10071271657943726,
  "12": 0.10113629698753357,
  "13": 0.10866405814886093,
  "14": 0.1195266842842102,
  "15": 0.1634838730096817,
  "16": 0.19623488187789917,
  "17": 0.23412147164344788,
  "18": 0.26225900650024414,
  "19": 0.3279271125793457,
  "20": 0.3445439338684082,
  "21": 0.3603604733943939,
  "22": 0.3911217451095581,
  "23": 0.3958512842655182,
  "24": 0.3905133605003357,
  "25": 0.385820209980011
}