{
  "mean_diff": {
    "0": {
      "es_vs_fr": 0.6096481084823608,
      "es_vs_zh": -0.2914015054702759,
      "fr_vs_zh": 0.17052912712097168
    },
    "1": {
      "es_vs_fr": 0.5240166783332825,
      "es_vs_zh": -0.1237196996808052,
      "fr_vs_zh": 0.4453248977661133
    },
    "2": {
      "es_vs_fr": 0.6805188655853271,
      "es_vs_zh": 0.2213657945394516,
      "fr_vs_zh": 0.6368743777275085
    },
    "3": {
      "es_vs_fr": 0.8621204495429993,
      "es_vs_zh": 0.6619324088096619,
      "fr_vs_zh": 0.8533141016960144
    },
    "4": {
      "es_vs_fr": 0.9405796527862549,
      "es_vs_zh": 0.8099730014801025,
      "fr_vs_zh": 0.9040747284889221
    },
    "5": {
      "es_vs_fr": 0.9786802530288696,
      "es_vs_zh": 0.8861194849014282,
      "fr_vs_zh": 0.9279865622520447
    },
    "6": {
      "es_vs_fr": 0.9878041744232178,
      "es_vs_zh": 0.8971846699714661,
      "fr_vs_zh": 0.9225877523422241
    },
    "7": {
      "es_vs_fr": 0.9941892623901367,
      "es_vs_zh": 0.945806086063385,
      "fr_vs_zh": 0.958114504814148
    },
    "8": {
      "es_vs_fr": 0.9960474967956543,
      "es_vs_zh": 0.9704740047454834,
      "fr_vs_zh": 0.9789391756057739
    },
    "9": {
      "es_vs_fr": 0.9970685839653015,
      "es_vs_zh": 0.977739691734314,
      "fr_vs_zh": 0.984609842300415
    },
    "10": {
      "es_vs_fr": 0.9961557984352112,
      "es_vs_zh": 0.9611501097679138,
      "fr_vs_zh": 0.9724921584129333
    },
    "11": {
      "es_vs_fr": 0.9951118230819702,
      "es_vs_zh": 0.9633790254592896,
      "fr_vs_zh": 0.9736419916152954
    },
    "12": {
      "es_vs_fr": 0.9953556656837463,
      "es_vs_zh": 0.9651480317115784,
      "fr_vs_zh": 0.9752237200737
    },
    "13": {
      "es_vs_fr": 0.9943576455116272,
      "es_vs_zh": 0.9558767676353455,
      "fr_vs_zh": 0.9677557349205017
    },
    "14": {
      "es_vs_fr": 0.9924498796463013,
      "es_vs_zh": 0.93638014793396,
      "fr_vs_zh": 0.9553971290588379
    },
    "15": {
      "es_vs_fr": 0.9751201868057251,
      "es_vs_zh": 0.8797704577445984,
      "fr_vs_zh": 0.9213371276855469
    },
    "16": {
      "es_vs_fr": 0.9624717831611633,
      "es_vs_zh": 0.8430526256561279,
      "fr_vs_zh": 0.8947950601577759
    },
    "17": {
      "es_vs_fr": 0.9296568632125854,
      "es_vs_zh": 0.7872211933135986,
      "fr_vs_zh": 0.8541190028190613
    },
    "18": {
      "es_vs_fr": 0.8905135989189148,
      "es_vs_zh": 0.7352359294891357,
      "fr_vs_zh": 0.8027896285057068
    },
    "19": {
      "es_vs_fr": 0.8055151700973511,
      "es_vs_zh": 0.673633337020874,
      "fr_vs_zh": 0.7804988026618958
    },
    "20": {
      "es_vs_fr": 0.7626205682754517,
      "es_vs_zh": 0.6134305000305176,
      "fr_vs_zh": 0.78646320104599
    },
    "21": {
      "es_vs_fr": 0.4286063611507416,
      "es_vs_zh": 0.3823487460613251,
      "fr_vs_zh": 0.6489207148551941
    },
    "22": {
      "es_vs_fr": 0.32379260659217834,
      "es_vs_zh": 0.24553129076957703,
      "fr_vs_zh": 0.5941869616508484
    },
    "23": {
      "es_vs_fr": 0.24953703582286835,
      "es_vs_zh": 0.1373334378004074,
      "fr_vs_zh": 0.527795135974884
    },
    "24": {
      "es_vs_fr": 0.37035322189331055,
      "es_vs_zh": 0.2783607244491577,
      "fr_vs_zh": 0.621504008769989
    },
    "25": {
      "es_vs_fr": 0.5281615257263184,
      "es_vs_zh": 0.40015318989753723,
      "fr_vs_zh": 0.5671287775039673
    }
  },
  "logreg": {
    "0": {
      "es_vs_fr": 0.5964961647987366,
      "es_vs_zh": 0.3048270046710968,
      "fr_vs_zh": 0.22753089666366577
    },
    "1": {
      "es_vs_fr": 0.6150943636894226,
      "es_vs_zh": 0.30265384912490845,
      "fr_vs_zh": 0.24832013249397278
    },
    "2": {
      "es_vs_fr": 0.5962932109832764,
      "es_vs_zh": 0.28213903307914734,
      "fr_vs_zh": 0.30259981751441956
    },
    "3": {
      "es_vs_fr": 0.624553918838501,
      "es_vs_zh": 0.37187325954437256,
      "fr_vs_zh": 0.33411478996276855
    },
    "4": {
      "es_vs_fr": 0.6124331951141357,
      "es_vs_zh": 0.39593204855918884,
      "fr_vs_zh": 0.37607383728027344
    },
    "5": {
      "es_vs_fr": 0.6004016995429993,
      "es_vs_zh": 0.30489015579223633,
      "fr_vs_zh": 0.30548134446144104
    },
    "6": {
      "es_vs_fr": 0.5977514982223511,
      "es_vs_zh": 0.3699507415294647,
      "fr_vs_zh": 0.34173303842544556
    },
    "7": {
      "es_vs_fr": 0.6096411347389221,
      "es_vs_zh": 0.37844985723495483,
      "fr_vs_zh": 0.39519503712654114
    },
    "8": {
      "es_vs_fr": 0.6357818841934204,
      "es_vs_zh": 0.42347460985183716,
      "fr_vs_zh": 0.4449010193347931
    },
    "9": {
      "es_vs_fr": 0.6486949324607849,
      "es_vs_zh": 0.40431803464889526,
      "fr_vs_zh": 0.39112967252731323
    },
    "10": {
      "es_vs_fr": 0.5989077091217041,
      "es_vs_zh": 0.3247683346271515,
      "fr_vs_zh": 0.31411609053611755
    },
    "11": {
      "es_vs_fr": 0.5855491161346436,
      "es_vs_zh": 0.314696341753006,
      "fr_vs_zh": 0.31489014625549316
    },
    "12": {
      "es_vs_fr": 0.5760647058486938,
      "es_vs_zh": 0.3167096674442291,
      "fr_vs_zh": 0.34736311435699463
    },
    "13": {
      "es_vs_fr": 0.570984959602356,
      "es_vs_zh": 0.28677648305892944,
      "fr_vs_zh": 0.264975368976593
    },
    "14": {
      "es_vs_fr": 0.5456458926200867,
      "es_vs_zh": 0.30139049887657166,
      "fr_vs_zh": 0.2692154049873352
    },
    "15": {
      "es_vs_fr": 0.5452304482460022,
      "es_vs_zh": 0.31278789043426514,
      "fr_vs_zh": 0.2670857608318329
    },
    "16": {
      "es_vs_fr": 0.5745865702629089,
      "es_vs_zh": 0.3208163380622864,
      "fr_vs_zh": 0.25048398971557617
    },
    "17": {
      "es_vs_fr": 0.5728802680969238,
      "es_vs_zh": 0.3449675440788269,
      "fr_vs_zh": 0.28284740447998047
    },
    "18": {
      "es_vs_fr": 0.5097917318344116,
      "es_vs_zh": 0.34287601709365845,
      "fr_vs_zh": 0.22731773555278778
    },
    "19": {
      "es_vs_fr": 0.5295873284339905,
      "es_vs_zh": 0.33763524889945984,
      "fr_vs_zh": 0.2539544105529785
    },
    "20": {
      "es_vs_fr": 0.5307526588439941,
      "es_vs_zh": 0.3390656113624573,
      "fr_vs_zh": 0.25260668992996216
    },
    "21": {
      "es_vs_fr": 0.5161974430084229,
      "es_vs_zh": 0.33960533142089844,
      "fr_vs_zh": 0.21054980158805847
    },
    "22": {
      "es_vs_fr": 0.5332479476928711,
      "es_vs_zh": 0.3591375946998596,
      "fr_vs_zh": 0.2198125123977661
    },
    "23": {
      "es_vs_fr": 0.517624020576477,
      "es_vs_zh": 0.35889244079589844,
      "fr_vs_zh": 0.19615612924098969
    },
    "24": {
      "es_vs_fr": 0.5187063217163086,
      "es_vs_zh": 0.35787007212638855,
      "fr_vs_zh": 0.20122990012168884
    },
    "25": {
      "es_vs_fr": 0.5621592998504639,
      "es_vs_zh": 0.29733359813690186,
      "fr_vs_zh": 0.2416694313287735
    }
  },
  "pca": {
    "0": {
      "es_vs_fr": 0.9982691407203674,
      "es_vs_zh": -0.9963200092315674,
      "fr_vs_zh": -0.9970646500587463
    },
    "1": {
      "es_vs_fr": -0.9985102415084839,
      "es_vs_zh": -0.9966782927513123,
      "fr_vs_zh": 0.9973198771476746
    },
    "2": {
      "es_vs_fr": -0.9990072250366211,
      "es_vs_zh": -0.996933102607727,
      "fr_vs_zh": 0.9977447390556335
    },
    "3": {
      "es_vs_fr": 0.9992554187774658,
      "es_vs_zh": 0.9986591339111328,
      "fr_vs_zh": 0.9992692470550537
    },
    "4": {
      "es_vs_fr": 0.9980247020721436,
      "es_vs_zh": 0.9995158910751343,
      "fr_vs_zh": 0.9972934722900391
    },
    "5": {
      "es_vs_fr": 0.9984015822410583,
      "es_vs_zh": 0.997509777545929,
      "fr_vs_zh": 0.9922371506690979
    },
    "6": {
      "es_vs_fr": 0.999915361404419,
      "es_vs_zh": 0.996296226978302,
      "fr_vs_zh": 0.9959656596183777
    },
    "7": {
      "es_vs_fr": 0.9999370574951172,
      "es_vs_zh": 0.998563826084137,
      "fr_vs_zh": 0.9984002113342285
    },